{
    "NPC_Mongol2:BS": [
        [
            -35.0,
            35.0,
            0.9350000619888306
        ],
        [
            0.0,
            0.0,
            0.0
        ],
        [
            1.0,
            1.0,
            1.0
        ]
    ],
    "NPC_Mongol:BS": [
        [
            -25.000001907348633,
            25.000001907348633,
            0.9350000619888306
        ],
        [
            0.0,
            0.0,
            0.0
        ],
        [
            1.0,
            1.0,
            1.0
        ]
    ],
    "NPC_Ernar:BS": [
        [
            -16.754180908203125,
            12.024917602539062,
            0.9350000619888306
        ],
        [
            0.0,
            0.0,
            0.0
        ],
        [
            1.0,
            1.0,
            1.0
        ]
    ],
    "Player:BS": [
        [
            0.0,
            15.0,
            0.9350000619888306
        ],
        [
            0.0,
            0.0,
            0.0
        ],
        [
            1.0,
            1.0,
            1.0
        ]
    ],
    "sword": [
        [
            0.0,
            0.0,
            0.0
        ],
        [
            0.0,
            0.0,
            0.0
        ],
        [
            1.0,
            1.0,
            1.0
        ]
    ]
}