{
    "Cube": [
        -315.96014404296875,
        -346.23699951171875,
        115.59365844726562
    ],
    "Cube.001": [
        -83.48046875,
        -346.23699951171875,
        115.59365844726562
    ],
    "Cube.002": [
        148.99920654296875,
        -346.23699951171875,
        115.59365844726562
    ],
    "Cube.003": [
        379.14239501953125,
        -346.23699951171875,
        115.59365844726562
    ],
    "Cube.004": [
        379.14239501953125,
        -114.925537109375,
        115.59365844726562
    ],
    "Cube.005": [
        379.14239501953125,
        118.7223892211914,
        115.59365844726562
    ],
    "Cube.006": [
        379.14239501953125,
        352.3703308105469,
        115.59365844726562
    ],
    "Cube.007": [
        150.16744995117188,
        352.3703308105469,
        115.59365844726562
    ],
    "Cube.008": [
        -81.14398193359375,
        352.3703308105469,
        115.59365844726562
    ],
    "Cube.009": [
        -312.45538330078125,
        352.3703308105469,
        115.59365844726562
    ],
    "Cube.010": [
        -312.45538330078125,
        122.22711181640625,
        115.59365844726562
    ],
    "Cube.011": [
        -313.6236572265625,
        -111.42080688476562,
        115.59365844726562
    ],
    "Cube.012": [
        147.83096313476562,
        121.05886840820312,
        115.59365844726562
    ],
    "Cube.013": [
        -76.47102355957031,
        118.7223892211914,
        115.59365844726562
    ],
    "Cube.014": [
        -81.14398193359375,
        -117.26202392578125,
        115.59365844726562
    ],
    "Cube.015": [
        147.83096313476562,
        -117.26200866699219,
        115.59365844726562
    ]
}