{
    "tree_empty": [
        -39.729923248291016,
        -19.686674118041992,
        -1.418030023574829
    ],
    "tree_empty.001": [
        -37.246517181396484,
        -19.585447311401367,
        -2.156940221786499
    ],
    "tree_empty.002": [
        -38.56312942504883,
        -0.13248896598815918,
        0.08512046933174133
    ],
    "tree_empty.003": [
        -36.51136779785156,
        9.41699504852295,
        1.4230561256408691
    ],
    "tree_empty.004": [
        -33.846797943115234,
        -1.4022572040557861,
        -1.1087865829467773
    ],
    "tree_empty.005": [
        -37.165531158447266,
        24.279924392700195,
        -0.12372693419456482
    ],
    "tree_empty.006": [
        -36.51045608520508,
        28.961759567260742,
        -1.0554932355880737
    ],
    "tree_empty.007": [
        -39.808170318603516,
        32.33161544799805,
        -1.017777442932129
    ],
    "tree_empty.008": [
        -26.29835319519043,
        37.08523941040039,
        -0.049689777195453644
    ],
    "tree_empty.009": [
        -24.188230514526367,
        36.22419357299805,
        0.19776177406311035
    ],
    "tree_empty.010": [
        -20.931875228881836,
        33.977325439453125,
        0.8820475339889526
    ],
    "tree_empty.011": [
        -9.163819313049316,
        38.53608703613281,
        2.66135573387146
    ],
    "tree_empty.012": [
        -6.11824369430542,
        30.861621856689453,
        3.591254949569702
    ],
    "tree_empty.013": [
        -12.363686561584473,
        28.919483184814453,
        1.7414950132369995
    ],
    "tree_empty.014": [
        16.165061950683594,
        35.10695266723633,
        2.6295759677886963
    ],
    "tree_empty.015": [
        23.378944396972656,
        37.40121841430664,
        3.522554397583008
    ],
    "tree_empty.016": [
        33.6234130859375,
        38.97941589355469,
        3.2251720428466797
    ],
    "tree_empty.017": [
        36.72663497924805,
        26.461442947387695,
        2.3455698490142822
    ],
    "tree_empty.018": [
        36.46232604980469,
        18.16309928894043,
        1.8880586624145508
    ],
    "tree_empty.019": [
        38.45051193237305,
        13.364824295043945,
        2.3854329586029053
    ],
    "tree_empty.020": [
        28.976776123046875,
        18.452362060546875,
        2.5206298828125
    ],
    "tree_empty.021": [
        20.29383659362793,
        14.105483055114746,
        2.323381185531616
    ],
    "tree_empty.022": [
        20.3347110748291,
        24.709821701049805,
        1.9612911939620972
    ],
    "tree_empty.023": [
        3.47337007522583,
        24.081541061401367,
        2.0381858348846436
    ],
    "tree_empty.024": [
        1.549778938293457,
        18.78094482421875,
        1.7818125486373901
    ],
    "tree_empty.025": [
        2.7238199710845947,
        13.35079288482666,
        0.2885701656341553
    ],
    "tree_empty.026": [
        9.699275970458984,
        20.498428344726562,
        1.3089888095855713
    ],
    "tree_empty.027": [
        12.246747970581055,
        15.762419700622559,
        0.425791472196579
    ],
    "tree_empty.028": [
        10.787221908569336,
        12.722148895263672,
        -0.09354934096336365
    ],
    "tree_empty.029": [
        8.67465877532959,
        9.76593017578125,
        -0.5141972303390503
    ],
    "tree_empty.030": [
        16.21674919128418,
        7.92573881149292,
        -0.3764423727989197
    ],
    "tree_empty.031": [
        14.023238182067871,
        5.159389972686768,
        -0.7247840166091919
    ],
    "tree_empty.032": [
        13.250601768493652,
        3.555774450302124,
        -0.996458888053894
    ],
    "tree_empty.033": [
        38.52016067504883,
        -24.818328857421875,
        2.927182912826538
    ],
    "tree_empty.034": [
        37.15201187133789,
        -24.54979133605957,
        2.920130729675293
    ],
    "tree_empty.035": [
        35.28057861328125,
        -28.957185745239258,
        2.6696178913116455
    ],
    "tree_empty.036": [
        23.103809356689453,
        -32.598236083984375,
        0.9595059156417847
    ],
    "tree_empty.037": [
        31.0726318359375,
        -30.57581901550293,
        1.991166114807129
    ],
    "tree_empty.038": [
        22.322202682495117,
        -17.852088928222656,
        1.322169303894043
    ],
    "tree_empty.039": [
        1.3680665493011475,
        -22.38470458984375,
        -2.9046053886413574
    ],
    "tree_empty.040": [
        7.623378276824951,
        -15.331695556640625,
        -1.3953806161880493
    ],
    "tree_empty.041": [
        18.484697341918945,
        -7.135159492492676,
        1.0018157958984375
    ],
    "tree_empty.042": [
        1.3845925331115723,
        -4.888923168182373,
        -3.6783294677734375
    ],
    "tree_empty.043": [
        -2.0545156002044678,
        -7.286034107208252,
        -4.333532810211182
    ],
    "tree_empty.044": [
        -1.8654298782348633,
        -2.0116214752197266,
        -3.8345603942871094
    ],
    "tree_empty.045": [
        -4.595575332641602,
        -27.320131301879883,
        -4.014276504516602
    ],
    "tree_empty.046": [
        -2.8589513301849365,
        -27.928558349609375,
        -3.9543871879577637
    ],
    "tree_empty.047": [
        6.802529335021973,
        -29.46249008178711,
        -2.113943338394165
    ],
    "tree_empty.048": [
        -18.86768913269043,
        -19.752243041992188,
        -3.9018821716308594
    ],
    "tree_empty.049": [
        -26.315977096557617,
        -26.66305923461914,
        -4.547155380249023
    ],
    "tree_empty.050": [
        -24.717729568481445,
        -33.43324279785156,
        -3.9610650539398193
    ],
    "tree_empty.051": [
        29.268436431884766,
        -23.43797492980957,
        2.2520358562469482
    ],
    "tree_empty.052": [
        23.967727661132812,
        -11.619393348693848,
        2.7159006595611572
    ],
    "tree_empty.053": [
        29.45761489868164,
        -18.61359977722168,
        2.7634694576263428
    ],
    "tree_empty.054": [
        -31.20355224609375,
        -12.636176109313965,
        -1.9325498342514038
    ],
    "tree_empty.055": [
        -23.314638137817383,
        -10.053420066833496,
        -2.2555692195892334
    ],
    "tree_empty.056": [
        -24.656173706054688,
        -8.051506042480469,
        -1.8838555812835693
    ],
    "tree_empty.057": [
        -27.413345336914062,
        4.14957857131958,
        0.24182221293449402
    ],
    "tree_empty.058": [
        -23.33500862121582,
        4.378358364105225,
        0.6962177753448486
    ],
    "tree_empty.059": [
        -18.085763931274414,
        4.234390735626221,
        0.9915660619735718
    ],
    "tree_empty.060": [
        -26.935543060302734,
        15.13467025756836,
        0.8330972194671631
    ],
    "tree_empty.061": [
        -25.048036575317383,
        21.54512596130371,
        0.11515757441520691
    ],
    "tree_empty.062": [
        -19.4698543548584,
        22.198732376098633,
        1.0895135402679443
    ],
    "tree_empty.063": [
        -15.929747581481934,
        22.999229431152344,
        1.0382626056671143
    ],
    "tree_empty.064": [
        -9.76675796508789,
        14.21204948425293,
        0.7557308673858643
    ],
    "tree_empty.065": [
        -12.479378700256348,
        -24.15148162841797,
        -4.217798233032227
    ]
}
